<?xml version="1.0" encoding="UTF-8"?>

<mule xmlns:file="http://www.mulesoft.org/schema/mule/file" xmlns:http="http://www.mulesoft.org/schema/mule/http" xmlns="http://www.mulesoft.org/schema/mule/core" xmlns:doc="http://www.mulesoft.org/schema/mule/documentation"
	xmlns:spring="http://www.springframework.org/schema/beans" 
	xmlns:xsi="http://www.w3.org/2001/XMLSchema-instance"
	xsi:schemaLocation="http://www.springframework.org/schema/beans http://www.springframework.org/schema/beans/spring-beans-current.xsd
http://www.mulesoft.org/schema/mule/core http://www.mulesoft.org/schema/mule/core/current/mule.xsd
http://www.mulesoft.org/schema/mule/http http://www.mulesoft.org/schema/mule/http/current/mule-http.xsd
http://www.mulesoft.org/schema/mule/file http://www.mulesoft.org/schema/mule/file/current/mule-file.xsd">
    <http:listener-config name="HTTP_Listener_Configuration" host="0.0.0.0" port="8081" doc:name="HTTP Listener Configuration"/>
    <flow name="actividad1ejercicio3Flow">
        <http:listener config-ref="HTTP_Listener_Configuration" path="*" doc:name="HTTP"/>
        <expression-filter expression="#[message.inboundProperties.'http.request.uri' != '/favicon.ico']" doc:name="Expression"/>
        <logger message="Current path is #[message.inboundProperties.'http.request.path'] and message id is #[message.id]" level="INFO" doc:name="Logger"/>
        <set-payload value="#['Hello ' + message.inboundProperties.'http.request.path'.substring(1) + '! Today is ' + server.dateTime.format('dd/MM/yy') + '.']" doc:name="Set Payload"/>
        <file:outbound-endpoint path="C:\Users\dfmar\AnypointStudio\workspace\actividad1ejercicio3\logfiles" outputPattern="[message.id].txt" responseTimeout="10000" doc:name="File"/>
    </flow>
</mule>
